{
	"0": {
		"participant_ids": [
			3,
			1,
			0,
			2
		],
		"alpha": [
			0.2565320720537606,
			0.29168644937368954,
			0.18099762607515726,
			0.2707838524973926
		],
		"evaluation": [
			0.6881508827209473,
			0.7026666402816772
		]
	},
	"1": {
		"participant_ids": [
			0,
			3,
			2,
			1
		],
		"alpha": [
			0.24337546151852102,
			0.24745210217280594,
			0.2507134105654594,
			0.2584590257432136
		],
		"evaluation": [
			0.5822774767875671,
			0.7586666941642761
		]
	},
	"2": {
		"participant_ids": [
			0,
			3,
			2,
			1
		],
		"alpha": [
			0.24554455727645547,
			0.2491089114552911,
			0.2491089114552911,
			0.25623761981296234
		],
		"evaluation": [
			0.5335418581962585,
			0.7773333191871643
		]
	},
	"3": {
		"participant_ids": [
			0,
			3,
			2,
			1
		],
		"alpha": [
			0.24390244285158666,
			0.2504839309276412,
			0.251645376922609,
			0.2539682492981631
		],
		"evaluation": [
			0.49819254875183105,
			0.7893333435058594
		]
	},
	"4": {
		"participant_ids": [
			0,
			3,
			2,
			1
		],
		"alpha": [
			0.24838340764752354,
			0.24762267757636777,
			0.2510460303457201,
			0.2529478844303886
		],
		"evaluation": [
			0.47042086720466614,
			0.7960000038146973
		]
	},
	"5": {
		"participant_ids": [
			0,
			3,
			2,
			1
		],
		"alpha": [
			0.24717832972170034,
			0.24905945277103111,
			0.2501881075397009,
			0.25357410996756763
		],
		"evaluation": [
			0.4528406858444214,
			0.8026666641235352
		]
	},
	"6": {
		"participant_ids": [
			0,
			3,
			2,
			1
		],
		"alpha": [
			0.2464578731444636,
			0.24944071780651325,
			0.2524235624685629,
			0.2516778465804603
		],
		"evaluation": [
			0.4401950240135193,
			0.809333324432373
		]
	},
	"7": {
		"participant_ids": [
			0,
			2,
			3,
			1
		],
		"alpha": [
			0.24601112580313403,
			0.2512059382734888,
			0.25231911640268745,
			0.25046381952068975
		],
		"evaluation": [
			0.43216976523399353,
			0.8133333325386047
		]
	},
	"8": {
		"participant_ids": [
			0,
			3,
			2,
			1
		],
		"alpha": [
			0.2465702601419992,
			0.250648867672022,
			0.2525027887244405,
			0.2502780834615383
		],
		"evaluation": [
			0.4260459840297699,
			0.8159999847412109
		]
	},
	"9": {
		"participant_ids": [
			0,
			2,
			3,
			1
		],
		"alpha": [
			0.24760501773947546,
			0.24981576915937273,
			0.25313190562303367,
			0.2494473074781182
		],
		"evaluation": [
			0.4214615821838379,
			0.8119999766349792
		]
	}
}