{
	"0": {
		"loss": [
			1.0034115314483643,
			0.8548204302787781,
			0.7600181102752686,
			0.7049804329872131
		],
		"accuracy": [
			0.4107142984867096,
			0.5127550959587097,
			0.6045918464660645,
			0.6772959232330322
		]
	},
	"1": {
		"loss": [
			0.6618144512176514,
			0.6260705590248108,
			0.5972117781639099,
			0.5763840675354004
		],
		"accuracy": [
			0.704081654548645,
			0.7206632494926453,
			0.7461734414100647,
			0.7487244606018066
		]
	},
	"2": {
		"loss": [
			0.5643355250358582,
			0.547792911529541,
			0.535439670085907,
			0.5235539674758911
		],
		"accuracy": [
			0.7512755393981934,
			0.7614796161651611,
			0.7640306353569031,
			0.7780612111091614
		]
	},
	"3": {
		"loss": [
			0.5131378769874573,
			0.500169575214386,
			0.4874715507030487,
			0.4757797122001648
		],
		"accuracy": [
			0.7755101919174194,
			0.7806122303009033,
			0.7895408272743225,
			0.795918345451355
		]
	},
	"4": {
		"loss": [
			0.4711008667945862,
			0.46249455213546753,
			0.4546511471271515,
			0.446759968996048
		],
		"accuracy": [
			0.795918345451355,
			0.8048469424247742,
			0.8073979616165161,
			0.8112244606018066
		]
	},
	"5": {
		"loss": [
			0.44421297311782837,
			0.4369499087333679,
			0.43324580788612366,
			0.4281935393810272
		],
		"accuracy": [
			0.8125,
			0.8125,
			0.8150510191917419,
			0.8112244606018066
		]
	},
	"6": {
		"loss": [
			0.4261838495731354,
			0.4214654564857483,
			0.4178622364997864,
			0.4133791923522949
		],
		"accuracy": [
			0.8137755393981934,
			0.8176020383834839,
			0.8214285969734192,
			0.8137755393981934
		]
	},
	"7": {
		"loss": [
			0.41212984919548035,
			0.4089829921722412,
			0.4061298668384552,
			0.40424656867980957
		],
		"accuracy": [
			0.8227040767669678,
			0.8201530575752258,
			0.8163265585899353,
			0.8137755393981934
		]
	},
	"8": {
		"loss": [
			0.4029782712459564,
			0.40055426955223083,
			0.39969873428344727,
			0.39637282490730286
		],
		"accuracy": [
			0.8214285969734192,
			0.8214285969734192,
			0.8188775777816772,
			0.8227040767669678
		]
	},
	"9": {
		"loss": [
			0.39650577306747437,
			0.39437150955200195,
			0.3938315212726593,
			0.3918950855731964
		],
		"accuracy": [
			0.8227040767669678,
			0.8227040767669678,
			0.8188775777816772,
			0.8227040767669678
		]
	}
}