{
	"0": {
		"loss": [
			1.0283125638961792,
			0.9112271666526794,
			0.8264688849449158,
			0.7685741186141968
		],
		"accuracy": [
			0.4073394536972046,
			0.4458715617656708,
			0.5119265913963318,
			0.6018348336219788
		]
	},
	"1": {
		"loss": [
			0.670685887336731,
			0.6523782014846802,
			0.6310374140739441,
			0.6124770641326904
		],
		"accuracy": [
			0.7045871615409851,
			0.7394495606422424,
			0.7394495606422424,
			0.7412844300270081
		]
	},
	"2": {
		"loss": [
			0.5690082907676697,
			0.5577729940414429,
			0.5522844195365906,
			0.5468535423278809
		],
		"accuracy": [
			0.7614678740501404,
			0.7724770903587341,
			0.7834862470626831,
			0.7798165082931519
		]
	},
	"3": {
		"loss": [
			0.5189940333366394,
			0.5108696222305298,
			0.503690779209137,
			0.503059983253479
		],
		"accuracy": [
			0.7871559858322144,
			0.7761467695236206,
			0.7871559858322144,
			0.7963302731513977
		]
	},
	"4": {
		"loss": [
			0.4798477590084076,
			0.4730353355407715,
			0.46846848726272583,
			0.4664640426635742
		],
		"accuracy": [
			0.7981651425361633,
			0.8146789073944092,
			0.8183486461639404,
			0.8091742992401123
		]
	},
	"5": {
		"loss": [
			0.45045268535614014,
			0.44833120703697205,
			0.44566380977630615,
			0.4427334666252136
		],
		"accuracy": [
			0.8238531947135925,
			0.8275229334831238,
			0.831192672252655,
			0.8275229334831238
		]
	},
	"6": {
		"loss": [
			0.4355458617210388,
			0.43164393305778503,
			0.4294464588165283,
			0.4267929494380951
		],
		"accuracy": [
			0.8330275416374207,
			0.8366972208023071,
			0.8330275416374207,
			0.831192672252655
		]
	},
	"7": {
		"loss": [
			0.4213608503341675,
			0.4198710024356842,
			0.4207446873188019,
			0.41923925280570984
		],
		"accuracy": [
			0.8366972208023071,
			0.8293578028678894,
			0.8348624110221863,
			0.8238531947135925
		]
	},
	"8": {
		"loss": [
			0.41264501214027405,
			0.41067153215408325,
			0.41120603680610657,
			0.40910834074020386
		],
		"accuracy": [
			0.8293578028678894,
			0.8275229334831238,
			0.8256880640983582,
			0.8293578028678894
		]
	},
	"9": {
		"loss": [
			0.40757980942726135,
			0.40654897689819336,
			0.40599727630615234,
			0.40475308895111084
		],
		"accuracy": [
			0.8330275416374207,
			0.8366972208023071,
			0.8366972208023071,
			0.8275229334831238
		]
	}
}