{
	"0": {
		"loss": [
			1.114667296409607,
			1.040022611618042,
			0.9723753333091736,
			0.9110892415046692
		],
		"accuracy": [
			0.3906809985637665,
			0.40143370628356934,
			0.4372759759426117,
			0.45519712567329407
		]
	},
	"1": {
		"loss": [
			0.684181272983551,
			0.6662554144859314,
			0.6548694372177124,
			0.6435481309890747
		],
		"accuracy": [
			0.6953405141830444,
			0.7025089859962463,
			0.7132616639137268,
			0.7168458700180054
		]
	},
	"2": {
		"loss": [
			0.5755795240402222,
			0.568656325340271,
			0.5621876120567322,
			0.5563380718231201
		],
		"accuracy": [
			0.7491039633750916,
			0.7526881694793701,
			0.7526881694793701,
			0.7562723755836487
		]
	},
	"3": {
		"loss": [
			0.5256814360618591,
			0.5205865502357483,
			0.5156615376472473,
			0.5109986066818237
		],
		"accuracy": [
			0.781361997127533,
			0.781361997127533,
			0.7849462628364563,
			0.7849462628364563
		]
	},
	"4": {
		"loss": [
			0.4867721199989319,
			0.48017895221710205,
			0.4768003523349762,
			0.4712609648704529
		],
		"accuracy": [
			0.7956989407539368,
			0.8064516186714172,
			0.8064516186714172,
			0.8064516186714172
		]
	},
	"5": {
		"loss": [
			0.4576207995414734,
			0.45266929268836975,
			0.44909045100212097,
			0.44647416472435
		],
		"accuracy": [
			0.8028674125671387,
			0.8172042965888977,
			0.8172042965888977,
			0.8172042965888977
		]
	},
	"6": {
		"loss": [
			0.4399653673171997,
			0.4350729286670685,
			0.43189090490341187,
			0.43093276023864746
		],
		"accuracy": [
			0.8207885026931763,
			0.8207885026931763,
			0.8243727684020996,
			0.8207885026931763
		]
	},
	"7": {
		"loss": [
			0.42521849274635315,
			0.4228126108646393,
			0.42004597187042236,
			0.4188191592693329
		],
		"accuracy": [
			0.8172042965888977,
			0.8243727684020996,
			0.8243727684020996,
			0.8279569745063782
		]
	},
	"8": {
		"loss": [
			0.4170882999897003,
			0.4128250777721405,
			0.41279590129852295,
			0.41166338324546814
		],
		"accuracy": [
			0.8279569745063782,
			0.8315412402153015,
			0.8172042965888977,
			0.8207885026931763
		]
	},
	"9": {
		"loss": [
			0.40967822074890137,
			0.4075952470302582,
			0.4049272835254669,
			0.40385597944259644
		],
		"accuracy": [
			0.8315412402153015,
			0.8207885026931763,
			0.8279569745063782,
			0.8279569745063782
		]
	}
}