{
	"0": {
		"loss": [
			0.902214527130127,
			0.7340940833091736,
			0.6609196662902832,
			0.6085888743400574
		],
		"accuracy": [
			0.4760044515132904,
			0.6623883843421936,
			0.7092633843421936,
			0.7410714030265808
		]
	},
	"1": {
		"loss": [
			0.6640480160713196,
			0.6047948598861694,
			0.56768399477005,
			0.5403474569320679
		],
		"accuracy": [
			0.7042410969734192,
			0.7393973469734192,
			0.7544642686843872,
			0.7684151530265808
		]
	},
	"2": {
		"loss": [
			0.5773235559463501,
			0.5441979169845581,
			0.5173470973968506,
			0.4934089779853821
		],
		"accuracy": [
			0.75390625,
			0.7700892686843872,
			0.7829241156578064,
			0.7935267686843872
		]
	},
	"3": {
		"loss": [
			0.5280283093452454,
			0.5040345788002014,
			0.48472803831100464,
			0.467515230178833
		],
		"accuracy": [
			0.7745535969734192,
			0.78515625,
			0.79296875,
			0.80078125
		]
	},
	"4": {
		"loss": [
			0.48778441548347473,
			0.468564510345459,
			0.45557165145874023,
			0.44520804286003113
		],
		"accuracy": [
			0.79296875,
			0.8035714030265808,
			0.8108258843421936,
			0.8091517686843872
		]
	},
	"5": {
		"loss": [
			0.4613564610481262,
			0.44791099429130554,
			0.4381353557109833,
			0.42989516258239746
		],
		"accuracy": [
			0.8046875,
			0.8119419813156128,
			0.8175223469734192,
			0.8203125
		]
	},
	"6": {
		"loss": [
			0.44335463643074036,
			0.4336759150028229,
			0.4261879622936249,
			0.42003923654556274
		],
		"accuracy": [
			0.81640625,
			0.8186383843421936,
			0.8225446343421936,
			0.8247767686843872
		]
	},
	"7": {
		"loss": [
			0.42931461334228516,
			0.42147642374038696,
			0.4167448580265045,
			0.41316384077072144
		],
		"accuracy": [
			0.8203125,
			0.8225446343421936,
			0.8264508843421936,
			0.8219866156578064
		]
	},
	"8": {
		"loss": [
			0.4218379557132721,
			0.414838582277298,
			0.41055676341056824,
			0.4063994288444519
		],
		"accuracy": [
			0.8225446343421936,
			0.8236607313156128,
			0.8253348469734192,
			0.8264508843421936
		]
	},
	"9": {
		"loss": [
			0.413680762052536,
			0.4084851145744324,
			0.4052647650241852,
			0.40563657879829407
		],
		"accuracy": [
			0.8270089030265808,
			0.8309151530265808,
			0.8264508843421936,
			0.8225446343421936
		]
	}
}